{"cameraMode":{"drawMode":0,"name":"Shaded","section":"Shading Mode"},"sceneLighting":false,"audioPlay":false,"sceneViewState":{"showFog":true,"showMaterialUpdate":false,"showSkybox":true,"showFlares":true,"showImageEffects":true,"showParticleSystems":true},"in2DMode":false,"pivot":{"x":1.709822654724121,"y":1.1776347160339356,"z":-2.848144769668579},"rotation":{"x":0.015560558997094632,"y":0.8835749626159668,"z":-0.4671083688735962,"w":0.02943493239581585},"size":1.1115829944610596,"orthographic":false}