{"cameraMode":{"drawMode":0,"name":"Shaded","section":"Shading Mode"},"sceneLighting":false,"audioPlay":false,"sceneViewState":{"showFog":true,"showMaterialUpdate":false,"showSkybox":true,"showFlares":true,"showImageEffects":true,"showParticleSystems":true},"in2DMode":false,"pivot":{"x":-0.0552997924387455,"y":1.5693565607070923,"z":1.3628439903259278},"rotation":{"x":-0.015673216432332994,"y":0.9631641507148743,"z":-0.26222339272499087,"w":-0.05756842717528343},"size":22.0,"orthographic":false}